window_size,epochs,batch_size,validation_split,train_test_split,dataset_size,features,total_directional_accuracy,directional_accuracy_of_small_moves,directional_accuracy_of_large_moves
60,15,10,0.1,0.8,2200,False,0.4829157175398633,0.5363636363636364,0.4727272727272727
60,15,50,0.1,0.8,2200,False,0.5079726651480638,0.5909090909090909,0.4909090909090909
60,15,100,0.1,0.8,2200,False,0.5148063781321185,0.5181818181818182,0.5454545454545454
60,15,200,0.1,0.8,2200,False,0.489749430523918,0.4727272727272727,0.5181818181818182
60,15,300,0.1,0.8,2200,False,0.5330296127562643,0.5181818181818182,0.5363636363636364
60,15,400,0.1,0.8,2200,False,0.5284738041002278,0.5545454545454546,0.5272727272727272
60,15,500,0.1,0.8,2200,False,0.5170842824601367,0.5636363636363636,0.509090909090909
60,15,1000,0.1,0.8,2200,False,0.4715261958997722,0.4636363636363636,0.43636363636363634
